model,replicate,ECE15_equal_width,multiclass_Brier_sum
ReCoMER,1,0.0464026289372409,0.5474078283114089
ReCoMER,2,0.034727510147309244,0.5402375780120691
ReCoMER,3,0.06599744759948728,0.5594727338801355
MHnoU,1,0.04830555208834317,0.6420801419465562
MHnoU,2,0.03792607783561832,0.618430692931472
MHnoU,3,0.1437458913011569,0.6944427894263511
cRBEF,1,0.17973808240135689,0.5803754650856814
cRBEF,2,0.17973808240135689,0.5803754650856814
cRBEF,3,0.17973808240135689,0.5803754650856814
equal_weight,1,0.03256852668726679,0.5493765762040197
equal_weight,2,0.034727505986618445,0.5402375780281129
equal_weight,3,0.06283448558851416,0.5651299886128315
