seed,missing,weighted_f1,macro_f1,n
43,T,0.3995245310411763,0.26818613980375966,4201
47,T,0.4078975724254108,0.2635221488072001,4201
59,T,0.3840047756996706,0.25895661210821036,4201
43,A,0.5647500724110656,0.4552088005969531,4201
47,A,0.5618586921979283,0.4497322469783618,4201
59,A,0.5618306153918389,0.4531269798418333,4201
43,V,0.5454958368603302,0.43006914483467135,4201
47,V,0.5360283426828225,0.4086555899286695,4201
59,V,0.5512926111580417,0.43684494079443714,4201
43,TA,0.28828786747064244,0.19618254648625094,4201
47,TA,0.2817722512868665,0.19678067951371722,4201
59,TA,0.2835445311928255,0.1979841317214819,4201
43,TV,0.37505238257861545,0.22771765956437395,4201
47,TV,0.4033759087159005,0.23324486082791887,4201
59,TV,0.36677589455483295,0.24089727666470792,4201
43,AV,0.5382498803666893,0.4139487617198552,4201
47,AV,0.5219803087568415,0.388765474233195,4201
59,AV,0.5297010270737396,0.4048137786487583,4201
