dataset,seed,modality,weight
MELD,7,T,0.3951582908630371
MELD,7,A,0.30393555760383606
MELD,7,V,0.3009062111377716
MELD,13,T,0.3933543562889099
MELD,13,A,0.25059351325035095
MELD,13,V,0.3560521602630615
MELD,17,T,0.3805486559867859
MELD,17,A,0.32288211584091187
MELD,17,V,0.296569287776947
MELD,23,T,0.39406177401542664
MELD,23,A,0.31494879722595215
MELD,23,V,0.290989488363266
MELD,29,T,0.4026646316051483
MELD,29,A,0.295438677072525
MELD,29,V,0.30189672112464905
MELD,37,T,0.38838449120521545
MELD,37,A,0.2970712184906006
MELD,37,V,0.31454432010650635
MELD,43,T,0.3834097385406494
MELD,43,A,0.2361227571964264
MELD,43,V,0.38046756386756897
MELD,53,T,0.40071067214012146
MELD,53,A,0.2775043249130249
MELD,53,V,0.3217850625514984
MELD,71,T,0.40407490730285645
MELD,71,A,0.2838292717933655
MELD,71,V,0.31209585070610046
MELD,101,T,0.3864794373512268
MELD,101,A,0.2911750078201294
MELD,101,V,0.3223455846309662
M3ED,7,T,0.3189651668071747
M3ED,7,A,0.39537927508354187
M3ED,7,V,0.28565552830696106
M3ED,13,T,0.3173726499080658
M3ED,13,A,0.40723299980163574
M3ED,13,V,0.27539435029029846
M3ED,17,T,0.31898191571235657
M3ED,17,A,0.40998467803001404
M3ED,17,V,0.271033376455307
M3ED,23,T,0.31547871232032776
M3ED,23,A,0.41509512066841125
M3ED,23,V,0.2694261372089386
M3ED,29,T,0.3144526481628418
M3ED,29,A,0.3997579514980316
M3ED,29,V,0.2857894003391266
M3ED,37,T,0.31577932834625244
M3ED,37,A,0.41258636116981506
M3ED,37,V,0.2716343402862549
M3ED,43,T,0.3187798857688904
M3ED,43,A,0.39978256821632385
M3ED,43,V,0.28143754601478577
M3ED,53,T,0.3155099153518677
M3ED,53,A,0.40290185809135437
M3ED,53,V,0.28158819675445557
M3ED,71,T,0.31505465507507324
M3ED,71,A,0.3973148465156555
M3ED,71,V,0.28763052821159363
M3ED,101,T,0.3222566843032837
M3ED,101,A,0.39593854546546936
M3ED,101,V,0.28180474042892456
